epoch,step,train_loss_epoch,train_loss_step,val_loss
0,49,,0.04370543733239174,
0,71,,,0.03130786120891571
0,71,0.13387691974639893,,
1,99,,0.02162921614944935,
1,143,,,0.011113835498690605
1,143,0.02097076177597046,,
2,149,,0.012248710729181767,
